use PhotoBlog;

/* -------------- ROLE ------------------ */

select 'INSERT INTO ROLE TABLE' AS '';

/* COMMETNER ROLE */
INSERT INTO ROLE (ID, ROLE) VALUES (1, 0);

/* BLOG OWNER ROLE */
INSERT INTO ROLE (ID, ROLE) VALUES (2, 1);

/* MODERATOR ROLE */
INSERT INTO ROLE (ID, ROLE) VALUES (3, 2);

/* ADMIN ROLE */
INSERT INTO ROLE (ID, ROLE) VALUES (4, 3);

/* -------------- USER ------------------ */

select 'INSERT INTO USER TABLE' AS '';

/* Admin */
INSERT INTO USER (ID, STATUS, NAME, EMAIL) VALUES (1, 106, 'Admin','Admin@domain.com');

/* Blog1 owner */
INSERT INTO USER (ID, STATUS, NAME, EMAIL) VALUES (2, 106, 'Owner1','Owner1@domain.com');

/* Blog1 moderator */
INSERT INTO USER (ID, STATUS, NAME, EMAIL) VALUES (3, 106, 'Moderator1','Moderator1@domain.com');

/* Blog2 owner */
INSERT INTO USER (ID, STATUS, NAME, EMAIL) VALUES (4, 106, 'Owner2','Owner2@domain.com');

/* Commentator */
INSERT INTO USER (ID, STATUS, NAME, EMAIL) VALUES (5, 106, 'Commentator1','Commentator1@domain.com');

/* Commentator */
INSERT INTO USER (ID, STATUS, NAME, EMAIL) VALUES (6, 106, 'Commentator2','Commentator2@domain.com');

/* -------------- USER_ROLE ------------------ */

select 'INSERT INTO USER_ROLE TABLE' AS '';

/* All roles for Admin */
INSERT INTO USER_ROLE (USER_ID, ROLE_ID) VALUES (1, 1);
INSERT INTO USER_ROLE (USER_ID, ROLE_ID) VALUES (1, 2);
INSERT INTO USER_ROLE (USER_ID, ROLE_ID) VALUES (1, 3);
INSERT INTO USER_ROLE (USER_ID, ROLE_ID) VALUES (1, 4);

/* Role for Owner1 */
INSERT INTO USER_ROLE (USER_ID, ROLE_ID) VALUES (2, 2);

/* Role for Moderator1 */
INSERT INTO USER_ROLE (USER_ID, ROLE_ID) VALUES (3, 3);

/* Role for Owner2 */
INSERT INTO USER_ROLE (USER_ID, ROLE_ID) VALUES (4, 2);

/* Role for Commentator1 */
INSERT INTO USER_ROLE (USER_ID, ROLE_ID) VALUES (5, 1);

/* Role for Commentator2 */
INSERT INTO USER_ROLE (USER_ID, ROLE_ID) VALUES (6, 1);

/* -------------- BLOG ------------------ */

select 'INSERT INTO BLOG TABLE' AS '';

INSERT INTO BLOG (ID, STATUS, NAME, MODERATED) VALUES (1, 506, 'Blog1', TRUE);

INSERT INTO BLOG (ID, STATUS, NAME, MODERATED) VALUES (2, 506, 'Blog2', FALSE);

/* -------------- USER_BLOG ------------------ */

select 'INSERT INTO USER_BLOG TABLE' AS '';

INSERT INTO USER_BLOG (USER_ID, BLOG_ID) VALUES (2, 1);
INSERT INTO USER_BLOG (USER_ID, BLOG_ID) VALUES (3, 1);

INSERT INTO USER_BLOG (USER_ID, BLOG_ID) VALUES (4, 2);

/* -------------- POST ------------------ */

select 'INSERT INTO POST TABLE' AS '';

INSERT INTO POST (ID, BLOG_ID, STATUS, LANGUAGE, SUBJECT, DESCRIPTION, BODY)
VALUES (1, 1, 2, 2, 'Post 1 Subject', 'Post 1 Description', 'Post 1 Body');

INSERT INTO POST (ID, BLOG_ID, STATUS, LANGUAGE, SUBJECT, DESCRIPTION, BODY)
VALUES (2, 1, 2, 2, 'Post 2 Subject', 'Post 2 Description', 'Post 2 Body');

INSERT INTO POST (ID, BLOG_ID, STATUS, LANGUAGE, SUBJECT, DESCRIPTION, BODY)
VALUES (3, 1, 2, 2, 'Post 3 Subject', 'Post 3 Description', 'Post 3 Body');

INSERT INTO POST (ID, BLOG_ID, STATUS, LANGUAGE, SUBJECT, DESCRIPTION, BODY)
VALUES (4, 1, 2, 2, 'Post 4 Subject', 'Post 4 Description', 'Post 4 Body');

INSERT INTO POST (ID, BLOG_ID, STATUS, LANGUAGE, SUBJECT, DESCRIPTION, BODY)
VALUES (5, 1, 2, 2, 'Post 5 Subject', 'Post 5 Description', 'Post 5 Body');

INSERT INTO POST (ID, BLOG_ID, STATUS, LANGUAGE, SUBJECT, DESCRIPTION, BODY)
VALUES (6, 2, 2, 2, 'Post 6 Subject', 'Post 6 Description', 'Post 6 Body');

INSERT INTO POST (ID, BLOG_ID, STATUS, LANGUAGE, SUBJECT, DESCRIPTION, BODY)
VALUES (7, 2, 2, 2, 'Post 7 Subject', 'Post 7 Description', 'Post 7 Body');

INSERT INTO POST (ID, BLOG_ID, STATUS, LANGUAGE, SUBJECT, DESCRIPTION, BODY)
VALUES (8, 2, 2, 2, 'Post 8 Subject', 'Post 8 Description', 'Post 8 Body');

INSERT INTO POST (ID, BLOG_ID, STATUS, LANGUAGE, SUBJECT, DESCRIPTION, BODY)
VALUES (9, 2, 2, 2, 'Post 9 Subject', 'Post 9 Description', 'Post 9 Body');

INSERT INTO POST (ID, BLOG_ID, STATUS, LANGUAGE, SUBJECT, DESCRIPTION, BODY)
VALUES (10, 2, 2, 2, 'Post 10 Subject', 'Post 10 Description', 'Post 10 Body');


/* -------------- COMMENTABLE ------------------ */

/*
select 'INSERT INTO COMMENTABLE TABLE' AS '';

INSERT INTO COMMENTABLE (ID, BLOG_ID, STATUS, LANGUAGE)
VALUES (1, 1, 2, 2);
INSERT INTO COMMENTABLE (ID, BLOG_ID, STATUS, LANGUAGE)
VALUES (2, 1, 2, 2);
INSERT INTO COMMENTABLE (ID, BLOG_ID, STATUS, LANGUAGE)
VALUES (3, 1, 2, 2);
INSERT INTO COMMENTABLE (ID, BLOG_ID, STATUS, LANGUAGE)
VALUES (4, 1, 2, 2);
INSERT INTO COMMENTABLE (ID, BLOG_ID, STATUS, LANGUAGE)
VALUES (5, 1, 2, 2);
INSERT INTO COMMENTABLE (ID, BLOG_ID, STATUS, LANGUAGE)
VALUES (6, 2, 2, 2);
INSERT INTO COMMENTABLE (ID, BLOG_ID, STATUS, LANGUAGE)
VALUES (7, 2, 2, 2);
INSERT INTO COMMENTABLE (ID, BLOG_ID, STATUS, LANGUAGE)
VALUES (8, 2, 2, 2);
INSERT INTO COMMENTABLE (ID, BLOG_ID, STATUS, LANGUAGE)
VALUES (9, 2, 2, 2);
INSERT INTO COMMENTABLE (ID, BLOG_ID, STATUS, LANGUAGE)
VALUES (10, 2, 2, 2);
*/

/* -------------- COMMENT ------------------ */

select 'INSERT INTO COMMENT TABLE' AS '';

INSERT INTO COMMENT (ID, POST_ID, USER_ID, STATUS, LANGUAGE, BODY)
VALUES (1, 2, 5, 2, 2, 'Comment 1');

INSERT INTO COMMENT (ID, POST_ID, USER_ID, STATUS, LANGUAGE, BODY)
VALUES (2, 2, 5, 2, 2, 'Comment 2');

INSERT INTO COMMENT (ID, POST_ID, USER_ID, STATUS, LANGUAGE, BODY)
VALUES (3, 2, 6, 2, 2, 'Comment 3');

INSERT INTO COMMENT (ID, POST_ID, USER_ID, STATUS, LANGUAGE, BODY)
VALUES (4, 2, 6, 2, 2, 'Comment 4');